{
  "long_only_m1_only_ann_return": 0.0392569655924497,
  "long_only_m1_only_sharpe": 0.6893908900009212,
  "long_only_m1_only_max_drawdown": -0.1697438701718657,
  "long_only_m1_only_hit_rate": 0.5669371196754563,
  "long_only_m1_only_test_ann_return": 0.044910748514633836,
  "long_only_m1_only_test_sharpe": 0.7862465461244442,
  "long_only_m1_only_test_max_drawdown": -0.1204167978629005,
  "long_only_m1_only_test_hit_rate": 0.5912596401028277,
  "long_only_m1_only_test_n_weeks": 389,
  "long_only_m1_m2_linear_ann_return": 0.0091480960449932,
  "long_only_m1_m2_linear_sharpe": 0.8860617242480965,
  "long_only_m1_m2_linear_max_drawdown": -0.0264398251873575,
  "long_only_m1_m2_linear_hit_rate": 0.5699797160243407,
  "long_only_m1_m2_linear_test_ann_return": 0.009213664545413058,
  "long_only_m1_m2_linear_test_sharpe": 0.8942054242062875,
  "long_only_m1_m2_linear_test_max_drawdown": -0.01937728348617429,
  "long_only_m1_m2_linear_test_hit_rate": 0.596401028277635,
  "long_only_m1_m2_linear_test_n_weeks": 389,
  "long_only_m1_m2_ecdf_ann_return": 0.0315095763334518,
  "long_only_m1_m2_ecdf_sharpe": 1.1015347953858896,
  "long_only_m1_m2_ecdf_max_drawdown": -0.0417687876692522,
  "long_only_m1_m2_ecdf_hit_rate": 0.5821501014198783,
  "long_only_m1_m2_ecdf_test_ann_return": 0.028659139388627075,
  "long_only_m1_m2_ecdf_test_sharpe": 1.014487789823776,
  "long_only_m1_m2_ecdf_test_max_drawdown": -0.02917130554991232,
  "long_only_m1_m2_ecdf_test_hit_rate": 0.596401028277635,
  "long_only_m1_m2_ecdf_test_n_weeks": 389,
  "long_only_m2_accuracy": 0.6053540587219344,
  "long_only_m2_precision": 0.6058772687986171,
  "long_only_m2_recall": 0.9985754985754985,
  "long_only_m2_f1": 0.7541689080150619,
  "long_only_m2_auc": 0.5212675563552757,
  "long_short_m1_only_ann_return": 0.0274683031348776,
  "long_short_m1_only_sharpe": 0.4935169370624163,
  "long_short_m1_only_max_drawdown": -0.1198943820266549,
  "long_short_m1_only_hit_rate": 0.5436105476673428,
  "long_short_m1_only_test_ann_return": 0.028257001008048732,
  "long_short_m1_only_test_sharpe": 0.5037192198523852,
  "long_short_m1_only_test_max_drawdown": -0.11989438202665403,
  "long_short_m1_only_test_hit_rate": 0.5861182519280206,
  "long_short_m1_only_test_n_weeks": 389,
  "long_short_m1_m2_linear_ann_return": 0.0061063284350328,
  "long_short_m1_m2_linear_sharpe": 0.7648048074987821,
  "long_short_m1_m2_linear_max_drawdown": -0.0214294602602914,
  "long_short_m1_m2_linear_hit_rate": 0.5699797160243407,
  "long_short_m1_m2_linear_test_ann_return": 0.005773855171644415,
  "long_short_m1_m2_linear_test_sharpe": 0.7137765084519255,
  "long_short_m1_m2_linear_test_max_drawdown": -0.01493148086924656,
  "long_short_m1_m2_linear_test_hit_rate": 0.5886889460154242,
  "long_short_m1_m2_linear_test_n_weeks": 389,
  "long_short_m1_m2_ecdf_ann_return": 0.0261840731880076,
  "long_short_m1_m2_ecdf_sharpe": 0.7960498918376923,
  "long_short_m1_m2_ecdf_max_drawdown": -0.081811883181174,
  "long_short_m1_m2_ecdf_hit_rate": 0.5760649087221096,
  "long_short_m1_m2_ecdf_test_ann_return": 0.024773827294937822,
  "long_short_m1_m2_ecdf_test_sharpe": 0.7212911090061443,
  "long_short_m1_m2_ecdf_test_max_drawdown": -0.06316438998285723,
  "long_short_m1_m2_ecdf_test_hit_rate": 0.596401028277635,
  "long_short_m1_m2_ecdf_test_n_weeks": 389,
  "long_short_m2_accuracy": 0.5717227179135209,
  "long_short_m2_precision": 0.5770440251572327,
  "long_short_m2_recall": 0.8951219512195122,
  "long_short_m2_f1": 0.7017208413001912,
  "long_short_m2_auc": 0.569301604319026,
  "rank_score": 0.8942054242062875,
  "rank_score_full": 0.8860617242480965
}