strategy,annualized_return,annualized_volatility,sharpe,max_drawdown,rolling_12m_max_drawdown,turnover,annualized_turnover,hit_rate,excess_return_vs_benchmark,information_ratio
equal_weight_1_7,0.07362465458614587,0.1289817200697988,0.5708146437053536,-0.39442989970107944,-0.39442989970107944,0.0010141987829614602,0.05273833671399593,0.5598377281947262,0.0,0.0
sixty_forty,0.06564032805732567,0.13267499341133865,0.49474528974588156,-0.4313626336115338,-0.42337049690350703,0.0,0.0,0.5649087221095335,-0.007984326528820196,-0.2785469615266807
m1_only,0.014041343792003724,0.06914508280010308,0.2030707495513013,-0.14809347458835986,-0.1397389246534333,0.10713441935418223,5.570989806417476,0.5182555780933062,-0.05958331079414214,-0.3970584348552112
m1_m2_binary,0.02494383029578584,0.06291782437565142,0.39645093490293754,-0.23080697060341626,-0.23080697060341626,0.14674396028571354,7.630685934857104,0.29918864097363085,-0.048680824290360025,-0.48395219901932746
m1_m2_linear,0.006276527702719026,0.01123803159957492,0.5585077464060909,-0.04215324645863494,-0.04215324645863494,0.03074065650700093,1.5985141383640482,0.5709939148073022,-0.06734812688342684,-0.5987404566199397
m1_m2_ecdf,0.05339320609024312,0.06865126247107556,0.7777454364038676,-0.11023166022762843,-0.11023166022762843,0.1921871173406656,9.993730101714611,0.5780933062880325,-0.02023144849590275,-0.210751919531494
