{
  "long_only_m1_only_ann_return": 0.0385588951944155,
  "long_only_m1_only_sharpe": 0.6763956660219196,
  "long_only_m1_only_max_drawdown": -0.1689193321124731,
  "long_only_m1_only_hit_rate": 0.5679513184584178,
  "long_only_m1_only_test_ann_return": 0.044143497852710656,
  "long_only_m1_only_test_sharpe": 0.8189379635206661,
  "long_only_m1_only_test_max_drawdown": -0.12094674650847004,
  "long_only_m1_only_test_hit_rate": 0.5824175824175825,
  "long_only_m1_only_test_n_weeks": 546,
  "long_only_m1_m2_linear_ann_return": 0.0075909433048189,
  "long_only_m1_m2_linear_sharpe": 0.8530765553926957,
  "long_only_m1_m2_linear_max_drawdown": -0.0223049957132465,
  "long_only_m1_m2_linear_hit_rate": 0.5730223123732252,
  "long_only_m1_m2_linear_test_ann_return": 0.007801996196248773,
  "long_only_m1_m2_linear_test_sharpe": 0.9503254606806287,
  "long_only_m1_m2_linear_test_max_drawdown": -0.015270714277419883,
  "long_only_m1_m2_linear_test_hit_rate": 0.5824175824175825,
  "long_only_m1_m2_linear_test_n_weeks": 546,
  "long_only_m1_m2_ecdf_ann_return": 0.0303617388647676,
  "long_only_m1_m2_ecdf_sharpe": 1.0761953732486995,
  "long_only_m1_m2_ecdf_max_drawdown": -0.0384228707555199,
  "long_only_m1_m2_ecdf_hit_rate": 0.5679513184584178,
  "long_only_m1_m2_ecdf_test_ann_return": 0.02947599063039985,
  "long_only_m1_m2_ecdf_test_sharpe": 1.187612210442,
  "long_only_m1_m2_ecdf_test_max_drawdown": -0.029191119528441445,
  "long_only_m1_m2_ecdf_test_hit_rate": 0.5787545787545788,
  "long_only_m1_m2_ecdf_test_n_weeks": 546,
  "long_only_m2_accuracy": 0.5322195704057279,
  "long_only_m2_precision": 0.6490566037735849,
  "long_only_m2_recall": 0.5053868756121449,
  "long_only_m2_f1": 0.5682819383259912,
  "long_only_m2_auc": 0.5436594866580438,
  "long_short_m1_only_ann_return": 0.0238150153730569,
  "long_short_m1_only_sharpe": 0.4072193874794252,
  "long_short_m1_only_max_drawdown": -0.1002719093885524,
  "long_short_m1_only_hit_rate": 0.539553752535497,
  "long_short_m1_only_test_ann_return": 0.017947503046606306,
  "long_short_m1_only_test_sharpe": 0.34510127414681097,
  "long_short_m1_only_test_max_drawdown": -0.10027190938855224,
  "long_short_m1_only_test_hit_rate": 0.5512820512820513,
  "long_short_m1_only_test_n_weeks": 546,
  "long_short_m1_m2_linear_ann_return": 0.0045840135177208,
  "long_short_m1_m2_linear_sharpe": 0.5671436360481911,
  "long_short_m1_m2_linear_max_drawdown": -0.0160337605476585,
  "long_short_m1_m2_linear_hit_rate": 0.5557809330628803,
  "long_short_m1_m2_linear_test_ann_return": 0.00261024853663705,
  "long_short_m1_m2_linear_test_sharpe": 0.37107207719970764,
  "long_short_m1_m2_linear_test_max_drawdown": -0.016033760547658926,
  "long_short_m1_m2_linear_test_hit_rate": 0.5641025641025641,
  "long_short_m1_m2_linear_test_n_weeks": 546,
  "long_short_m1_m2_ecdf_ann_return": 0.0202738962896735,
  "long_short_m1_m2_ecdf_sharpe": 0.6147534378758013,
  "long_short_m1_m2_ecdf_max_drawdown": -0.0650638083320398,
  "long_short_m1_m2_ecdf_hit_rate": 0.5456389452332657,
  "long_short_m1_m2_ecdf_test_ann_return": 0.01172751788978088,
  "long_short_m1_m2_ecdf_test_sharpe": 0.41155107056865925,
  "long_short_m1_m2_ecdf_test_max_drawdown": -0.06506380833203995,
  "long_short_m1_m2_ecdf_test_hit_rate": 0.5586080586080586,
  "long_short_m1_m2_ecdf_test_n_weeks": 546,
  "long_short_m2_accuracy": 0.49295774647887325,
  "long_short_m2_precision": 0.6437908496732027,
  "long_short_m2_recall": 0.15438871473354232,
  "long_short_m2_f1": 0.24905183312262957,
  "long_short_m2_auc": 0.5516110267265618,
  "rank_score": 0.9503254606806287,
  "rank_score_full": 0.8530765553926957
}