strategy,annualized_return,annualized_volatility,sharpe,max_drawdown,rolling_12m_max_drawdown,turnover,annualized_turnover,hit_rate,excess_return_vs_benchmark,information_ratio
equal_weight_1_7,0.07362466652389243,0.1289817065636071,0.57081479603144,-0.39442994987393387,-0.39442994987393387,0.0010141987829614602,0.05273833671399593,0.5598377281947262,0.0,0.0
sixty_forty,0.06564030882342564,0.13267498378459264,0.49474518067397993,-0.43136254142621355,-0.42337057464441785,0.0,0.0,0.5649087221095335,-0.007984357700466793,-0.27854805226320045
m1_only,0.018566902913334626,0.06153245656122739,0.30174161655418025,-0.15973530551831194,-0.15973530551831194,0.10562145334685599,5.492315574036511,0.5436105476673428,-0.05505776361055781,-0.47914613513747994
m1_m2_binary,0.018566902913334626,0.06153245656122739,0.30174161655418025,-0.15973530551831194,-0.15973530551831194,0.10562145334685599,5.492315574036511,0.5436105476673428,-0.05505776361055781,-0.47914613513747994
m1_m2_linear,0.003261164021236773,0.009168368694161233,0.3556973034159945,-0.03043263029418719,-0.03043263029418719,0.029554049968638255,1.5368105983691893,0.5425963488843814,-0.07036350250265566,-0.6037721542675905
m1_m2_ecdf,0.01971145888994208,0.040954763059591205,0.48129832569806186,-0.13844804300891145,-0.13844804300891145,0.20129645966153895,10.467415902400026,0.5557809330628803,-0.053913207633950355,-0.4923684575876207
