{
  "long_only_m1_only_ann_return": 0.0389534965820286,
  "long_only_m1_only_sharpe": 0.6831031937058887,
  "long_only_m1_only_max_drawdown": -0.1689193321124731,
  "long_only_m1_only_hit_rate": 0.5679513184584178,
  "long_only_m1_only_test_ann_return": 0.04194508650852846,
  "long_only_m1_only_test_sharpe": 0.8017320912306167,
  "long_only_m1_only_test_max_drawdown": -0.11957753087266165,
  "long_only_m1_only_test_hit_rate": 0.5868945868945868,
  "long_only_m1_only_test_n_weeks": 702,
  "long_only_m1_m2_linear_ann_return": 0.0068068035767971,
  "long_only_m1_m2_linear_sharpe": 0.6861842031251211,
  "long_only_m1_m2_linear_max_drawdown": -0.0293701806499481,
  "long_only_m1_m2_linear_hit_rate": 0.550709939148073,
  "long_only_m1_m2_linear_test_ann_return": 0.006230890889455942,
  "long_only_m1_m2_linear_test_sharpe": 0.7259824695096959,
  "long_only_m1_m2_linear_test_max_drawdown": -0.016027084951080628,
  "long_only_m1_m2_linear_test_hit_rate": 0.5598290598290598,
  "long_only_m1_m2_linear_test_n_weeks": 702,
  "long_only_m1_m2_ecdf_ann_return": 0.0174758237362531,
  "long_only_m1_m2_ecdf_sharpe": 0.648009465759228,
  "long_only_m1_m2_ecdf_max_drawdown": -0.0524197713127917,
  "long_only_m1_m2_ecdf_hit_rate": 0.5101419878296146,
  "long_only_m1_m2_ecdf_test_ann_return": 0.013235239144589794,
  "long_only_m1_m2_ecdf_test_sharpe": 0.6073943471634963,
  "long_only_m1_m2_ecdf_test_max_drawdown": -0.04617964587280321,
  "long_only_m1_m2_ecdf_test_hit_rate": 0.5085470085470085,
  "long_only_m1_m2_ecdf_test_n_weeks": 702,
  "long_only_m2_accuracy": 0.40745732255166217,
  "long_only_m2_precision": 0.6521739130434783,
  "long_only_m2_recall": 0.02250562640660165,
  "long_only_m2_f1": 0.043509789702683106,
  "long_only_m2_auc": 0.5152654344997223,
  "long_short_m1_only_ann_return": 0.0185669029133346,
  "long_short_m1_only_sharpe": 0.3017416165541802,
  "long_short_m1_only_max_drawdown": -0.1597353055183119,
  "long_short_m1_only_hit_rate": 0.5436105476673428,
  "long_short_m1_only_test_ann_return": 0.011857243642093174,
  "long_short_m1_only_test_sharpe": 0.21137444731424349,
  "long_short_m1_only_test_max_drawdown": -0.1597353055183116,
  "long_short_m1_only_test_hit_rate": 0.5598290598290598,
  "long_short_m1_only_test_n_weeks": 702,
  "long_short_m1_m2_linear_ann_return": 0.0032611640212367,
  "long_short_m1_m2_linear_sharpe": 0.3556973034159945,
  "long_short_m1_m2_linear_max_drawdown": -0.0304326302941871,
  "long_short_m1_m2_linear_hit_rate": 0.5425963488843814,
  "long_short_m1_m2_linear_test_ann_return": 0.0020325650093726555,
  "long_short_m1_m2_linear_test_sharpe": 0.2324686877861239,
  "long_short_m1_m2_linear_test_max_drawdown": -0.030432630294187857,
  "long_short_m1_m2_linear_test_hit_rate": 0.5612535612535613,
  "long_short_m1_m2_linear_test_n_weeks": 702,
  "long_short_m1_m2_ecdf_ann_return": 0.019711458889942,
  "long_short_m1_m2_ecdf_sharpe": 0.4812983256980618,
  "long_short_m1_m2_ecdf_max_drawdown": -0.1384480430089114,
  "long_short_m1_m2_ecdf_hit_rate": 0.5557809330628803,
  "long_short_m1_m2_ecdf_test_ann_return": 0.011292071997818232,
  "long_short_m1_m2_ecdf_test_sharpe": 0.28120088527896153,
  "long_short_m1_m2_ecdf_test_max_drawdown": -0.138448043008911,
  "long_short_m1_m2_ecdf_test_hit_rate": 0.5669515669515669,
  "long_short_m1_m2_ecdf_test_n_weeks": 702,
  "long_short_m2_accuracy": 0.4539820266501394,
  "long_short_m2_precision": 0.3333333333333333,
  "long_short_m2_recall": 0.0005678591709256105,
  "long_short_m2_f1": 0.0011337868480725624,
  "long_short_m2_auc": 0.53279561020845,
  "rank_score": 0.7259824695096959,
  "rank_score_full": 0.6861842031251211
}