{
  "long_only_m1_only_ann_return": 0.0386048410143349,
  "long_only_m1_only_sharpe": 0.6779831287367255,
  "long_only_m1_only_max_drawdown": -0.1699843860916688,
  "long_only_m1_only_hit_rate": 0.5669371196754563,
  "long_only_m1_only_test_ann_return": 0.0442448744958055,
  "long_only_m1_only_test_sharpe": 0.7745541996183452,
  "long_only_m1_only_test_max_drawdown": -0.12094674650846993,
  "long_only_m1_only_test_hit_rate": 0.5912596401028277,
  "long_only_m1_only_test_n_weeks": 389,
  "long_only_m1_m2_linear_ann_return": 0.0089225415252747,
  "long_only_m1_m2_linear_sharpe": 0.8643360736712369,
  "long_only_m1_m2_linear_max_drawdown": -0.0265512610921077,
  "long_only_m1_m2_linear_hit_rate": 0.5679513184584178,
  "long_only_m1_m2_linear_test_ann_return": 0.008976025068715643,
  "long_only_m1_m2_linear_test_sharpe": 0.8711633821367173,
  "long_only_m1_m2_linear_test_max_drawdown": -0.01958013651764312,
  "long_only_m1_m2_linear_test_hit_rate": 0.5938303341902313,
  "long_only_m1_m2_linear_test_n_weeks": 389,
  "long_only_m1_m2_ecdf_ann_return": 0.0303819329219623,
  "long_only_m1_m2_ecdf_sharpe": 1.0623292874094905,
  "long_only_m1_m2_ecdf_max_drawdown": -0.0424942082337495,
  "long_only_m1_m2_ecdf_hit_rate": 0.5801217038539553,
  "long_only_m1_m2_ecdf_test_ann_return": 0.027438111274302956,
  "long_only_m1_m2_ecdf_test_sharpe": 0.9713477781655908,
  "long_only_m1_m2_ecdf_test_max_drawdown": -0.03010987663990672,
  "long_only_m1_m2_ecdf_test_hit_rate": 0.5938303341902313,
  "long_only_m1_m2_ecdf_test_n_weeks": 389,
  "long_only_m2_accuracy": 0.6053540587219344,
  "long_only_m2_precision": 0.6058772687986171,
  "long_only_m2_recall": 0.9985754985754985,
  "long_only_m2_f1": 0.7541689080150619,
  "long_only_m2_auc": 0.5212675563552757,
  "long_short_m1_only_ann_return": 0.0264267337817958,
  "long_short_m1_only_sharpe": 0.4749355433204638,
  "long_short_m1_only_max_drawdown": -0.1210781926848806,
  "long_short_m1_only_hit_rate": 0.5415821501014199,
  "long_short_m1_only_test_ann_return": 0.027127793329640104,
  "long_short_m1_only_test_sharpe": 0.48368986927480845,
  "long_short_m1_only_test_max_drawdown": -0.12107819268488085,
  "long_short_m1_only_test_hit_rate": 0.5861182519280206,
  "long_short_m1_only_test_n_weeks": 389,
  "long_short_m1_m2_linear_ann_return": 0.0058326666454542,
  "long_short_m1_m2_linear_sharpe": 0.7306954389751303,
  "long_short_m1_m2_linear_max_drawdown": -0.0215870316592601,
  "long_short_m1_m2_linear_hit_rate": 0.5649087221095335,
  "long_short_m1_m2_linear_test_ann_return": 0.005479564352086186,
  "long_short_m1_m2_linear_test_sharpe": 0.6774031759366217,
  "long_short_m1_m2_linear_test_max_drawdown": -0.015113723855685324,
  "long_short_m1_m2_linear_test_hit_rate": 0.5861182519280206,
  "long_short_m1_m2_linear_test_n_weeks": 389,
  "long_short_m1_m2_ecdf_ann_return": 0.0249499219272766,
  "long_short_m1_m2_ecdf_sharpe": 0.7586298431899913,
  "long_short_m1_m2_ecdf_max_drawdown": -0.0824287710971615,
  "long_short_m1_m2_ecdf_hit_rate": 0.5730223123732252,
  "long_short_m1_m2_ecdf_test_ann_return": 0.02344929405263585,
  "long_short_m1_m2_ecdf_test_sharpe": 0.6826926889661002,
  "long_short_m1_m2_ecdf_test_max_drawdown": -0.06387451323174809,
  "long_short_m1_m2_ecdf_test_hit_rate": 0.596401028277635,
  "long_short_m1_m2_ecdf_test_n_weeks": 389,
  "long_short_m2_accuracy": 0.5717227179135209,
  "long_short_m2_precision": 0.5770440251572327,
  "long_short_m2_recall": 0.8951219512195122,
  "long_short_m2_f1": 0.7017208413001912,
  "long_short_m2_auc": 0.569301604319026,
  "rank_score": 0.8711633821367173,
  "rank_score_full": 0.8643360736712369
}