{
  "long_only_m1_only_ann_return": 0.0392109620242022,
  "long_only_m1_only_sharpe": 0.6877833140851685,
  "long_only_m1_only_max_drawdown": -0.1686786389970656,
  "long_only_m1_only_hit_rate": 0.5679513184584178,
  "long_only_m1_only_test_ann_return": 0.04476829365795143,
  "long_only_m1_only_test_sharpe": 0.8305425075636338,
  "long_only_m1_only_test_max_drawdown": -0.12041679786290005,
  "long_only_m1_only_test_hit_rate": 0.5824175824175825,
  "long_only_m1_only_test_n_weeks": 546,
  "long_only_m1_m2_linear_ann_return": 0.0077826899132273,
  "long_only_m1_m2_linear_sharpe": 0.874510274392109,
  "long_only_m1_m2_linear_max_drawdown": -0.0222112105250599,
  "long_only_m1_m2_linear_hit_rate": 0.5740365111561866,
  "long_only_m1_m2_linear_test_ann_return": 0.0079883591129426,
  "long_only_m1_m2_linear_test_sharpe": 0.9730192999127755,
  "long_only_m1_m2_linear_test_max_drawdown": -0.015086638666907515,
  "long_only_m1_m2_linear_test_hit_rate": 0.5824175824175825,
  "long_only_m1_m2_linear_test_n_weeks": 546,
  "long_only_m1_m2_ecdf_ann_return": 0.0314761262200964,
  "long_only_m1_m2_ecdf_sharpe": 1.115489194782097,
  "long_only_m1_m2_ecdf_max_drawdown": -0.0380227169852745,
  "long_only_m1_m2_ecdf_hit_rate": 0.5699797160243407,
  "long_only_m1_m2_ecdf_test_ann_return": 0.030613048601234816,
  "long_only_m1_m2_ecdf_test_sharpe": 1.2332781500907823,
  "long_only_m1_m2_ecdf_test_max_drawdown": -0.028526976099437107,
  "long_only_m1_m2_ecdf_test_hit_rate": 0.5824175824175825,
  "long_only_m1_m2_ecdf_test_n_weeks": 546,
  "long_only_m2_accuracy": 0.6109785202863962,
  "long_only_m2_precision": 0.6138186304750154,
  "long_only_m2_recall": 0.9745347698334965,
  "long_only_m2_f1": 0.753217259651779,
  "long_only_m2_auc": 0.5436594866580438,
  "long_short_m1_only_ann_return": 0.0249099809391972,
  "long_short_m1_only_sharpe": 0.4258866582712982,
  "long_short_m1_only_max_drawdown": -0.0993179237254875,
  "long_short_m1_only_hit_rate": 0.539553752535497,
  "long_short_m1_only_test_ann_return": 0.019061375027530802,
  "long_short_m1_only_test_sharpe": 0.3665351182336732,
  "long_short_m1_only_test_max_drawdown": -0.09931792372548776,
  "long_short_m1_only_test_hit_rate": 0.5512820512820513,
  "long_short_m1_only_test_n_weeks": 546,
  "long_short_m1_m2_linear_ann_return": 0.0048721863125504,
  "long_short_m1_m2_linear_sharpe": 0.6026090831081843,
  "long_short_m1_m2_linear_max_drawdown": -0.0157789701733079,
  "long_short_m1_m2_linear_hit_rate": 0.5598377281947262,
  "long_short_m1_m2_linear_test_ann_return": 0.0028846593268108123,
  "long_short_m1_m2_linear_test_sharpe": 0.4100717690950453,
  "long_short_m1_m2_linear_test_max_drawdown": -0.01577897017330776,
  "long_short_m1_m2_linear_test_hit_rate": 0.5677655677655677,
  "long_short_m1_m2_linear_test_n_weeks": 546,
  "long_short_m1_m2_ecdf_ann_return": 0.0216522981550335,
  "long_short_m1_m2_ecdf_sharpe": 0.6563303692493644,
  "long_short_m1_m2_ecdf_max_drawdown": -0.0645624114204559,
  "long_short_m1_m2_ecdf_hit_rate": 0.550709939148073,
  "long_short_m1_m2_ecdf_test_ann_return": 0.013014840453923426,
  "long_short_m1_m2_ecdf_test_sharpe": 0.4566620679130466,
  "long_short_m1_m2_ecdf_test_max_drawdown": -0.06456241142045549,
  "long_short_m1_m2_ecdf_test_hit_rate": 0.5604395604395604,
  "long_short_m1_m2_ecdf_test_n_weeks": 546,
  "long_short_m2_accuracy": 0.5390524967989757,
  "long_short_m2_precision": 0.5718475073313783,
  "long_short_m2_recall": 0.6112852664576802,
  "long_short_m2_f1": 0.5909090909090909,
  "long_short_m2_auc": 0.5516110267265618,
  "rank_score": 0.9730192999127755,
  "rank_score_full": 0.874510274392109
}