{
  "long_only_m1_only_ann_return": 0.0377997431960217,
  "long_only_m1_only_sharpe": 0.6604851203652033,
  "long_only_m1_only_max_drawdown": -0.1714727480300899,
  "long_only_m1_only_hit_rate": 0.5679513184584178,
  "long_only_m1_only_test_ann_return": 0.04461972808643244,
  "long_only_m1_only_test_sharpe": 0.8129507881689666,
  "long_only_m1_only_test_max_drawdown": -0.12024663323381024,
  "long_only_m1_only_test_hit_rate": 0.5824561403508772,
  "long_only_m1_only_test_n_weeks": 285,
  "long_only_m1_m2_linear_ann_return": 0.0098536689123103,
  "long_only_m1_m2_linear_sharpe": 0.8431882634910709,
  "long_only_m1_m2_linear_max_drawdown": -0.02464652777351,
  "long_only_m1_m2_linear_hit_rate": 0.5689655172413793,
  "long_only_m1_m2_linear_test_ann_return": 0.009771479449234066,
  "long_only_m1_m2_linear_test_sharpe": 0.8204167861546466,
  "long_only_m1_m2_linear_test_max_drawdown": -0.02464652777350984,
  "long_only_m1_m2_linear_test_hit_rate": 0.5824561403508772,
  "long_only_m1_m2_linear_test_n_weeks": 285,
  "long_only_m1_m2_ecdf_ann_return": 0.0260168066863979,
  "long_only_m1_m2_ecdf_sharpe": 0.8615810251217981,
  "long_only_m1_m2_ecdf_max_drawdown": -0.0530797551387103,
  "long_only_m1_m2_ecdf_hit_rate": 0.5780933062880325,
  "long_only_m1_m2_ecdf_test_ann_return": 0.025487019835785496,
  "long_only_m1_m2_ecdf_test_sharpe": 0.7968655335709833,
  "long_only_m1_m2_ecdf_test_max_drawdown": -0.05198328253621365,
  "long_only_m1_m2_ecdf_test_hit_rate": 0.5824561403508772,
  "long_only_m1_m2_ecdf_test_n_weeks": 285,
  "long_only_m2_accuracy": 0.4618937644341801,
  "long_only_m2_precision": 0.6015325670498084,
  "long_only_m2_recall": 0.302504816955684,
  "long_only_m2_f1": 0.4025641025641026,
  "long_only_m2_auc": 0.49627137090281137,
  "long_short_m1_only_ann_return": 0.0229353484326964,
  "long_short_m1_only_sharpe": 0.4037139934105071,
  "long_short_m1_only_max_drawdown": -0.1306517984584878,
  "long_short_m1_only_hit_rate": 0.5354969574036511,
  "long_short_m1_only_test_ann_return": 0.032061742848147556,
  "long_short_m1_only_test_sharpe": 0.622428784861974,
  "long_short_m1_only_test_max_drawdown": -0.1277082560397097,
  "long_short_m1_only_test_hit_rate": 0.5789473684210527,
  "long_short_m1_only_test_n_weeks": 285,
  "long_short_m1_m2_linear_ann_return": 0.0066520418061621,
  "long_short_m1_m2_linear_sharpe": 0.6780804220216213,
  "long_short_m1_m2_linear_max_drawdown": -0.027018062409728,
  "long_short_m1_m2_linear_hit_rate": 0.565922920892495,
  "long_short_m1_m2_linear_test_ann_return": 0.007205155199346169,
  "long_short_m1_m2_linear_test_sharpe": 0.7181532529718264,
  "long_short_m1_m2_linear_test_max_drawdown": -0.021330259078305214,
  "long_short_m1_m2_linear_test_hit_rate": 0.5649122807017544,
  "long_short_m1_m2_linear_test_n_weeks": 285,
  "long_short_m1_m2_ecdf_ann_return": 0.0228070533333912,
  "long_short_m1_m2_ecdf_sharpe": 0.6789660142446805,
  "long_short_m1_m2_ecdf_max_drawdown": -0.0864661013417499,
  "long_short_m1_m2_ecdf_hit_rate": 0.5679513184584178,
  "long_short_m1_m2_ecdf_test_ann_return": 0.025503370476556153,
  "long_short_m1_m2_ecdf_test_sharpe": 0.7272803338517726,
  "long_short_m1_m2_ecdf_test_max_drawdown": -0.07328290611195809,
  "long_short_m1_m2_ecdf_test_hit_rate": 0.5649122807017544,
  "long_short_m1_m2_ecdf_test_n_weeks": 285,
  "long_short_m2_accuracy": 0.4627272727272727,
  "long_short_m2_precision": 0.6029411764705882,
  "long_short_m2_recall": 0.13247172859450726,
  "long_short_m2_f1": 0.21721854304635763,
  "long_short_m2_auc": 0.5490849368070693,
  "rank_score": 0.8204167861546466,
  "rank_score_full": 0.8431882634910709
}