strategy,annualized_return,annualized_volatility,sharpe,max_drawdown,rolling_12m_max_drawdown,turnover,annualized_turnover,hit_rate,excess_return_vs_benchmark,information_ratio
equal_weight_1_7,0.07362466652389243,0.1289817065636071,0.57081479603144,-0.39442994987393387,-0.39442994987393387,0.0010141987829614602,0.05273833671399593,0.5598377281947262,0.0,0.0
sixty_forty,0.06564030882342564,0.13267498378459264,0.49474518067397993,-0.43136254142621355,-0.42337057464441785,0.0,0.0,0.5649087221095335,-0.007984357700466793,-0.27854805226320045
m1_only,0.02642673378179583,0.05564277964339327,0.47493554332046384,-0.12107819268488063,-0.12107819268488063,0.09765275659229208,5.0779433427991885,0.5415821501014199,-0.047197932742096604,-0.43987224458950475
m1_m2_binary,0.02651156380770603,0.05620739160782884,0.4716739747092866,-0.15177500645618425,-0.15177500645618425,0.11416969168357,5.93682396754564,0.5446247464503042,-0.047113102716186406,-0.45663190002276605
m1_m2_linear,0.005832666645454232,0.00798234987429934,0.7306954389751303,-0.021587031659260125,-0.021587031659260125,0.026161846483556402,1.3604160171449329,0.5649087221095335,-0.0677919998784382,-0.5902546935034028
m1_m2_ecdf,0.02494992192727663,0.03288813662057343,0.7586298431899913,-0.08242877109716151,-0.08242877109716151,0.11577831406397486,6.020472331326693,0.5730223123732252,-0.048674744596615804,-0.47623784752770026
