{
  "long_only_m1_only_ann_return": 0.0384983627871207,
  "long_only_m1_only_sharpe": 0.6726642595900179,
  "long_only_m1_only_max_drawdown": -0.1712324494450329,
  "long_only_m1_only_hit_rate": 0.5679513184584178,
  "long_only_m1_only_test_ann_return": 0.04533897946855503,
  "long_only_m1_only_test_sharpe": 0.8262556903677928,
  "long_only_m1_only_test_max_drawdown": -0.11966488263446629,
  "long_only_m1_only_test_hit_rate": 0.5824561403508772,
  "long_only_m1_only_test_n_weeks": 285,
  "long_only_m1_m2_linear_ann_return": 0.0101428856388114,
  "long_only_m1_m2_linear_sharpe": 0.8678739900882563,
  "long_only_m1_m2_linear_max_drawdown": -0.0243190182823113,
  "long_only_m1_m2_linear_hit_rate": 0.5709939148073022,
  "long_only_m1_m2_linear_test_ann_return": 0.010095593874395625,
  "long_only_m1_m2_linear_test_sharpe": 0.8477001637068446,
  "long_only_m1_m2_linear_test_max_drawdown": -0.024319018282310312,
  "long_only_m1_m2_linear_test_hit_rate": 0.5859649122807018,
  "long_only_m1_m2_linear_test_n_weeks": 285,
  "long_only_m1_m2_ecdf_ann_return": 0.0270740116911361,
  "long_only_m1_m2_ecdf_sharpe": 0.8965344388188158,
  "long_only_m1_m2_ecdf_max_drawdown": -0.0526055657827869,
  "long_only_m1_m2_ecdf_hit_rate": 0.5801217038539553,
  "long_only_m1_m2_ecdf_test_ann_return": 0.026688685430612757,
  "long_only_m1_m2_ecdf_test_sharpe": 0.8344349054702602,
  "long_only_m1_m2_ecdf_test_max_drawdown": -0.0507934950767559,
  "long_only_m1_m2_ecdf_test_hit_rate": 0.5859649122807018,
  "long_only_m1_m2_ecdf_test_n_weeks": 285,
  "long_only_m2_accuracy": 0.6004618937644342,
  "long_only_m2_precision": 0.6004645760743321,
  "long_only_m2_recall": 0.9961464354527938,
  "long_only_m2_f1": 0.7492753623188406,
  "long_only_m2_auc": 0.49627137090281137,
  "long_short_m1_only_ann_return": 0.0240228777741344,
  "long_short_m1_only_sharpe": 0.4227541682888555,
  "long_short_m1_only_max_drawdown": -0.1298810795947399,
  "long_short_m1_only_hit_rate": 0.537525354969574,
  "long_short_m1_only_test_ann_return": 0.03323468507972249,
  "long_short_m1_only_test_sharpe": 0.6452186345827153,
  "long_short_m1_only_test_max_drawdown": -0.12660656833766704,
  "long_short_m1_only_test_hit_rate": 0.5789473684210527,
  "long_short_m1_only_test_n_weeks": 285,
  "long_short_m1_m2_linear_ann_return": 0.0069710813849201,
  "long_short_m1_m2_linear_sharpe": 0.7105376296572392,
  "long_short_m1_m2_linear_max_drawdown": -0.0268541538295548,
  "long_short_m1_m2_linear_hit_rate": 0.5689655172413793,
  "long_short_m1_m2_linear_test_ann_return": 0.0075527221098989905,
  "long_short_m1_m2_linear_test_sharpe": 0.7529028109458973,
  "long_short_m1_m2_linear_test_max_drawdown": -0.02107438668354178,
  "long_short_m1_m2_linear_test_hit_rate": 0.5649122807017544,
  "long_short_m1_m2_linear_test_n_weeks": 285,
  "long_short_m1_m2_ecdf_ann_return": 0.0239603911050643,
  "long_short_m1_m2_ecdf_sharpe": 0.7132530573877054,
  "long_short_m1_m2_ecdf_max_drawdown": -0.0859366664258837,
  "long_short_m1_m2_ecdf_hit_rate": 0.5689655172413793,
  "long_short_m1_m2_ecdf_test_ann_return": 0.02674365830146974,
  "long_short_m1_m2_ecdf_test_sharpe": 0.7627424232510348,
  "long_short_m1_m2_ecdf_test_max_drawdown": -0.07262654847975891,
  "long_short_m1_m2_ecdf_test_hit_rate": 0.5684210526315789,
  "long_short_m1_m2_ecdf_test_n_weeks": 285,
  "long_short_m2_accuracy": 0.5736363636363636,
  "long_short_m2_precision": 0.5811688311688312,
  "long_short_m2_recall": 0.8675282714054927,
  "long_short_m2_f1": 0.696046662346079,
  "long_short_m2_auc": 0.5490849368070693,
  "rank_score": 0.8477001637068446,
  "rank_score_full": 0.8678739900882563
}