{
  "long_only_m1_only_ann_return": 0.0396183430291545,
  "long_only_m1_only_sharpe": 0.694713518830952,
  "long_only_m1_only_max_drawdown": -0.1686786389970656,
  "long_only_m1_only_hit_rate": 0.5679513184584178,
  "long_only_m1_only_test_ann_return": 0.04256655391834929,
  "long_only_m1_only_test_sharpe": 0.8135826591143773,
  "long_only_m1_only_test_max_drawdown": -0.11904638514734234,
  "long_only_m1_only_test_hit_rate": 0.5868945868945868,
  "long_only_m1_only_test_n_weeks": 702,
  "long_only_m1_m2_linear_ann_return": 0.0071145462890713,
  "long_only_m1_m2_linear_sharpe": 0.7171214192232191,
  "long_only_m1_m2_linear_max_drawdown": -0.0292996370072936,
  "long_only_m1_m2_linear_hit_rate": 0.5567951318458418,
  "long_only_m1_m2_linear_test_ann_return": 0.006568739513604038,
  "long_only_m1_m2_linear_test_sharpe": 0.7653149629554516,
  "long_only_m1_m2_linear_test_max_drawdown": -0.015837831782086864,
  "long_only_m1_m2_linear_test_hit_rate": 0.5683760683760684,
  "long_only_m1_m2_linear_test_n_weeks": 702,
  "long_only_m1_m2_ecdf_ann_return": 0.0186650667412566,
  "long_only_m1_m2_ecdf_sharpe": 0.6920296140494526,
  "long_only_m1_m2_ecdf_max_drawdown": -0.0521151421025911,
  "long_only_m1_m2_ecdf_hit_rate": 0.5162271805273834,
  "long_only_m1_m2_ecdf_test_ann_return": 0.01446065341581515,
  "long_only_m1_m2_ecdf_test_sharpe": 0.6635823451707071,
  "long_only_m1_m2_ecdf_test_max_drawdown": -0.04522777921718801,
  "long_only_m1_m2_ecdf_test_hit_rate": 0.5170940170940171,
  "long_only_m1_m2_ecdf_test_n_weeks": 702,
  "long_only_m2_accuracy": 0.550314465408805,
  "long_only_m2_precision": 0.6103723404255319,
  "long_only_m2_recall": 0.6886721680420105,
  "long_only_m2_f1": 0.6471624955939372,
  "long_only_m2_auc": 0.5152654344997223,
  "long_short_m1_only_ann_return": 0.0196853746126581,
  "long_short_m1_only_sharpe": 0.3198656785284854,
  "long_short_m1_only_max_drawdown": -0.1586987375522988,
  "long_short_m1_only_hit_rate": 0.5436105476673428,
  "long_short_m1_only_test_ann_return": 0.012966626663935443,
  "long_short_m1_only_test_sharpe": 0.23112924672901716,
  "long_short_m1_only_test_max_drawdown": -0.15869873755229813,
  "long_short_m1_only_test_hit_rate": 0.5598290598290598,
  "long_short_m1_only_test_n_weeks": 702,
  "long_short_m1_m2_linear_ann_return": 0.0035695354124003,
  "long_short_m1_m2_linear_sharpe": 0.3892364698320822,
  "long_short_m1_m2_linear_max_drawdown": -0.0301572865413708,
  "long_short_m1_m2_linear_hit_rate": 0.5456389452332657,
  "long_short_m1_m2_linear_test_ann_return": 0.0023785648043241903,
  "long_short_m1_m2_linear_test_sharpe": 0.2719752962830425,
  "long_short_m1_m2_linear_test_max_drawdown": -0.03015728654137162,
  "long_short_m1_m2_linear_test_hit_rate": 0.5655270655270656,
  "long_short_m1_m2_linear_test_n_weeks": 702,
  "long_short_m1_m2_ecdf_ann_return": 0.0218476170407819,
  "long_short_m1_m2_ecdf_sharpe": 0.5334450732119479,
  "long_short_m1_m2_ecdf_max_drawdown": -0.1369954343490779,
  "long_short_m1_m2_ecdf_hit_rate": 0.5598377281947262,
  "long_short_m1_m2_ecdf_test_ann_return": 0.013682419380902422,
  "long_short_m1_m2_ecdf_test_sharpe": 0.34074609169871856,
  "long_short_m1_m2_ecdf_test_max_drawdown": -0.1369954343490779,
  "long_short_m1_m2_ecdf_test_hit_rate": 0.5712250712250713,
  "long_short_m1_m2_ecdf_test_n_weeks": 702,
  "long_short_m2_accuracy": 0.47412457390765417,
  "long_short_m2_precision": 0.5507936507936508,
  "long_short_m2_recall": 0.1970471323111868,
  "long_short_m2_f1": 0.2902551233793392,
  "long_short_m2_auc": 0.53279561020845,
  "rank_score": 0.7653149629554516,
  "rank_score_full": 0.7171214192232191
}