strategy,annualized_return,annualized_volatility,sharpe,max_drawdown,rolling_12m_max_drawdown,turnover,annualized_turnover,hit_rate,excess_return_vs_benchmark,information_ratio
equal_weight_1_7,0.07362466652389243,0.1289817065636071,0.57081479603144,-0.39442994987393387,-0.39442994987393387,0.0010141987829614602,0.05273833671399593,0.5598377281947262,0.0,0.0
sixty_forty,0.06564030882342564,0.13267498378459264,0.49474518067397993,-0.43136254142621355,-0.42337057464441785,0.0,0.0,0.5649087221095335,-0.007984357700466793,-0.27854805226320045
m1_only,0.03961834302915457,0.057028317364290544,0.694713518830952,-0.1686786389970656,-0.1686786389970656,0.06157629310344828,3.2019672413793105,0.5679513184584178,-0.03400632349473787,-0.41542581669248185
m1_m2_binary,0.02963722705796301,0.04453227446757471,0.6655224196900782,-0.10502922316585295,-0.10502922316585295,0.18212094219066938,9.470288993914808,0.4776876267748479,-0.04398743946592942,-0.4592556630080588
m1_m2_linear,0.007114546289071377,0.009920978649302937,0.7171214192232191,-0.029299637007293655,-0.029299637007293655,0.029391128934565715,1.5283387045974173,0.5567951318458418,-0.06651012023482106,-0.5916169812191774
m1_m2_ecdf,0.018665066741256675,0.026971485558308587,0.6920296140494526,-0.05211514210259116,-0.05211514210259116,0.11236632386322805,5.8430488408878585,0.5162271805273834,-0.05495959978263576,-0.5227132617648577
