strategy,annualized_return,annualized_volatility,sharpe,max_drawdown,rolling_12m_max_drawdown,turnover,annualized_turnover,hit_rate,excess_return_vs_benchmark,information_ratio
equal_weight_1_7,0.07362466652389243,0.1289817065636071,0.57081479603144,-0.39442994987393387,-0.39442994987393387,0.0010141987829614602,0.05273833671399593,0.5598377281947262,0.0,0.0
sixty_forty,0.06564030882342564,0.13267498378459264,0.49474518067397993,-0.43136254142621355,-0.42337057464441785,0.0,0.0,0.5649087221095335,-0.007984357700466793,-0.27854805226320045
m1_only,0.0229353484326964,0.05681088296925871,0.4037139934105071,-0.13065179845848784,-0.13065179845848784,0.10228908924949291,5.3190326409736315,0.5354969574036511,-0.050689318091196034,-0.4590286018425523
m1_m2_binary,0.024557715575718397,0.05650742824556777,0.4345926958310054,-0.17473107419585254,-0.17473107419585254,0.11330037931034484,5.891619724137931,0.5425963488843814,-0.04906695094817404,-0.4812812021379483
m1_m2_linear,0.00665204180616219,0.009810107459421801,0.6780804220216213,-0.02701806240972804,-0.02701806240972804,0.03047411048924213,1.584653745440591,0.565922920892495,-0.06697262471773024,-0.5900385778645512
m1_m2_ecdf,0.02280705333339128,0.033590861478925586,0.6789660142446805,-0.08646610134174992,-0.08646610134174992,0.1084177516624165,5.637723086445658,0.5679513184584178,-0.050817613190501154,-0.5013536360879187
